Workbook

Sheet CDR_Demand
A1: Year | B1: Low (tCO2) | C1: Medium (tCO2) | D1: High (tCO2)
A2: 2030 | B2: 10000000 | C2: 10000000 | D2: 10000000
A3: 2031 | B3: =B2+((B$72-B$2)/70) -> 11285714 | C3: =C2+((C$72-C$2)/70) -> 14142857 | D3: =D2+((D$72-D$2)/70) -> 17000000
A4: 2032 | B4: =B3+((B$72-B$2)/70) -> 12571429 | C4: =C3+((C$72-C$2)/70) -> 18285714 | D4: =D3+((D$72-D$2)/70) -> 24000000
A5: 2033 | B5: =B4+((B$72-B$2)/70) -> 13857143 | C5: =C4+((C$72-C$2)/70) -> 22428571 | D5: =D4+((D$72-D$2)/70) -> 31000000
A6: 2034 | B6: =B5+((B$72-B$2)/70) -> 15142857 | C6: =C5+((C$72-C$2)/70) -> 26571429 | D6: =D5+((D$72-D$2)/70) -> 38000000
A7: 2035 | B7: =B6+((B$72-B$2)/70) -> 16428571 | C7: =C6+((C$72-C$2)/70) -> 30714286 | D7: =D6+((D$72-D$2)/70) -> 45000000
A8: 2036 | B8: =B7+((B$72-B$2)/70) -> 17714286 | C8: =C7+((C$72-C$2)/70) -> 34857143 | D8: =D7+((D$72-D$2)/70) -> 52000000
A9: 2037 | B9: =B8+((B$72-B$2)/70) -> 19000000 | C9: =C8+((C$72-C$2)/70) -> 39000000 | D9: =D8+((D$72-D$2)/70) -> 59000000
A10: 2038 | B10: =B9+((B$72-B$2)/70) -> 20285714 | C10: =C9+((C$72-C$2)/70) -> 43142857 | D10: =D9+((D$72-D$2)/70) -> 66000000
A11: 2039 | B11: =B10+((B$72-B$2)/70) -> 21571429 | C11: =C10+((C$72-C$2)/70) -> 47285714 | D11: =D10+((D$72-D$2)/70) -> 73000000
A12: 2040 | B12: =B11+((B$72-B$2)/70) -> 22857143 | C12: =C11+((C$72-C$2)/70) -> 51428571 | D12: =D11+((D$72-D$2)/70) -> 80000000
A13: 2041 | B13: =B12+((B$72-B$2)/70) -> 24142857 | C13: =C12+((C$72-C$2)/70) -> 55571429 | D13: =D12+((D$72-D$2)/70) -> 87000000
A14: 2042 | B14: =B13+((B$72-B$2)/70) -> 25428571 | C14: =C13+((C$72-C$2)/70) -> 59714286 | D14: =D13+((D$72-D$2)/70) -> 94000000
... A71: 2099 | B71: =B70+((B$72-B$2)/70) -> 98714286 | C71: =C70+((C$72-C$2)/70) -> 2.9585714e+08 | D71: =D70+((D$72-D$2)/70) -> 493000000
A72: 2100 | B72: 100000000 | C72: 300000000 | D72: 500000000

Sheet Storage_Capacity
A1: Year | B1: Low (tCO2) | C1: Medium (tCO2) | D1: High (tCO2)
A2: 2030 | B2: 5000000 | C2: 10000000 | D2: 15000000
A3: 2031 | B3: =B2+((B$72-B$2)/70) -> 6071428.6 | C3: =C2+((C$72-C$2)/70) -> 13428571 | D3: =D2+((D$72-D$2)/70) -> 20500000
A4: 2032 | B4: =B3+((B$72-B$2)/70) -> 7142857.1 | C4: =C3+((C$72-C$2)/70) -> 16857143 | D4: =D3+((D$72-D$2)/70) -> 26000000
A5: 2033 | B5: =B4+((B$72-B$2)/70) -> 8214285.7 | C5: =C4+((C$72-C$2)/70) -> 20285714 | D5: =D4+((D$72-D$2)/70) -> 31500000
A6: 2034 | B6: =B5+((B$72-B$2)/70) -> 9285714.3 | C6: =C5+((C$72-C$2)/70) -> 23714286 | D6: =D5+((D$72-D$2)/70) -> 37000000
A7: 2035 | B7: =B6+((B$72-B$2)/70) -> 10357143 | C7: =C6+((C$72-C$2)/70) -> 27142857 | D7: =D6+((D$72-D$2)/70) -> 42500000
A8: 2036 | B8: =B7+((B$72-B$2)/70) -> 11428571 | C8: =C7+((C$72-C$2)/70) -> 30571429 | D8: =D7+((D$72-D$2)/70) -> 48000000
A9: 2037 | B9: =B8+((B$72-B$2)/70) -> 12500000 | C9: =C8+((C$72-C$2)/70) -> 34000000 | D9: =D8+((D$72-D$2)/70) -> 53500000
A10: 2038 | B10: =B9+((B$72-B$2)/70) -> 13571429 | C10: =C9+((C$72-C$2)/70) -> 37428571 | D10: =D9+((D$72-D$2)/70) -> 59000000
A11: 2039 | B11: =B10+((B$72-B$2)/70) -> 14642857 | C11: =C10+((C$72-C$2)/70) -> 40857143 | D11: =D10+((D$72-D$2)/70) -> 64500000
A12: 2040 | B12: =B11+((B$72-B$2)/70) -> 15714286 | C12: =C11+((C$72-C$2)/70) -> 44285714 | D12: =D11+((D$72-D$2)/70) -> 70000000
A13: 2041 | B13: =B12+((B$72-B$2)/70) -> 16785714 | C13: =C12+((C$72-C$2)/70) -> 47714286 | D13: =D12+((D$72-D$2)/70) -> 75500000
A14: 2042 | B14: =B13+((B$72-B$2)/70) -> 17857143 | C14: =C13+((C$72-C$2)/70) -> 51142857 | D14: =D13+((D$72-D$2)/70) -> 81000000
... A71: 2099 | B71: =B70+((B$72-B$2)/70) -> 78928571 | C71: =C70+((C$72-C$2)/70) -> 2.4657143e+08 | D71: =D70+((D$72-D$2)/70) -> 394500000
A72: 2100 | B72: 80000000 | C72: 250000000 | D72: 400000000

Sheet Cost
A1: Year | B1: DACCS_Low | C1: DACCS_Medium | D1: DACCS_High | E1: AR_Low | F1: AR_Medium | G1: AR_High | H1: BECCS_Low | I1: BECCS_Medium | J1: BECCS_High | K1: EW_Low | L1: EW_Medium | M1: EW_High | N1: BC_Low | O1: BC_Medium | P1: BC_High | Q1: OAE_Low | R1: OAE_Medium | S1: OAE_High
A2: 2030 | B2: =B$22*'Rates (2)'!B2 -> 246.91358 | C2: =C$22*'Rates (2)'!C2 -> 333.33333 | D2: =D$22*'Rates (2)'!D2 -> 375 | E2: =E$22*'Rates (2)'!E2 -> 8.3333333 | F2: =F$22*'Rates (2)'!F2 -> 36.184211 | G2: =G$22*'Rates (2)'!G2 -> 54.347826 | H2: =H$22*'Rates (2)'!H2 -> 135.13514 | I2: =I$22*'Rates (2)'!I2 -> 188.27297 | ... P2: =P$22*'Rates (2)'!P2 -> 128.34225 | Q2: 133 | R2: 256.5 | S2: 380
A3: 2031 | B3: =B$22*'Rates (2)'!B3 -> 237.03704 | C3: =C$22*'Rates (2)'!C3 -> 316.66667 | D3: =D$22*'Rates (2)'!D3 -> 356.25 | E3: =E$22*'Rates (2)'!E3 -> 8.1666667 | F3: =F$22*'Rates (2)'!F3 -> 35.75 | G3: =G$22*'Rates (2)'!G3 -> 54.130435 | H3: =H$22*'Rates (2)'!H3 -> 133.78378 | I3: =I$22*'Rates (2)'!I3 -> 186.39024 | ... P3: =P$22*'Rates (2)'!P3 -> 128.08556 | Q3: =Q$2*'Rates (2)'!Q3 -> 130.34 | R3: =R$2*'Rates (2)'!R3 -> 251.37 | S3: =S$2*'Rates (2)'!S3 -> 376.2
A4: 2032 | B4: =B$22*'Rates (2)'!B4 -> 225.67901 | C4: =C$22*'Rates (2)'!C4 -> 306.66667 | D4: =D$22*'Rates (2)'!D4 -> 345 | E4: =E$22*'Rates (2)'!E4 -> 8 | F4: =F$22*'Rates (2)'!F4 -> 35.315789 | G4: =G$22*'Rates (2)'!G4 -> 53.913043 | H4: =H$22*'Rates (2)'!H4 -> 132.43243 | I4: =I$22*'Rates (2)'!I4 -> 186.39024 | ... P4: =P$22*'Rates (2)'!P4 -> 127.82888 | Q4: =Q$2*'Rates (2)'!Q4 -> 127.68 | R4: =R$2*'Rates (2)'!R4 -> 246.24 | S4: =S$2*'Rates (2)'!S4 -> 372.4
A5: 2033 | B5: =B$22*'Rates (2)'!B5 -> 215.55556 | C5: =C$22*'Rates (2)'!C5 -> 293.33333 | D5: =D$22*'Rates (2)'!D5 -> 337.5 | E5: =E$22*'Rates (2)'!E5 -> 7.8333333 | F5: =F$22*'Rates (2)'!F5 -> 34.881579 | G5: =G$22*'Rates (2)'!G5 -> 53.695652 | H5: =H$22*'Rates (2)'!H5 -> 131.08108 | I5: =I$22*'Rates (2)'!I5 -> 184.50751 | ... P5: =P$22*'Rates (2)'!P5 -> 127.57219 | Q5: =Q$2*'Rates (2)'!Q5 -> 125.02 | R5: =R$2*'Rates (2)'!R5 -> 241.11 | S5: =S$2*'Rates (2)'!S5 -> 370.5
A6: 2034 | B6: =B$22*'Rates (2)'!B6 -> 206.17284 | C6: =C$22*'Rates (2)'!C6 -> 283.33333 | D6: =D$22*'Rates (2)'!D6 -> 330 | E6: =E$22*'Rates (2)'!E6 -> 7.6666667 | F6: =F$22*'Rates (2)'!F6 -> 34.447368 | G6: =G$22*'Rates (2)'!G6 -> 53.478261 | H6: =H$22*'Rates (2)'!H6 -> 129.72973 | I6: =I$22*'Rates (2)'!I6 -> 184.50751 | ... P6: =P$22*'Rates (2)'!P6 -> 127.31551 | Q6: =Q$2*'Rates (2)'!Q6 -> 122.36 | R6: =R$2*'Rates (2)'!R6 -> 238.545 | S6: =S$2*'Rates (2)'!S6 -> 368.6
A7: 2035 | B7: =B$22*'Rates (2)'!B7 -> 197.53086 | C7: =C$22*'Rates (2)'!C7 -> 273.33333 | D7: =D$22*'Rates (2)'!D7 -> 326.25 | E7: =E$22*'Rates (2)'!E7 -> 7.5 | F7: =F$22*'Rates (2)'!F7 -> 34.013158 | G7: =G$22*'Rates (2)'!G7 -> 53.26087 | H7: =H$22*'Rates (2)'!H7 -> 128.37838 | I7: =I$22*'Rates (2)'!I7 -> 182.62478 | ... P7: =P$22*'Rates (2)'!P7 -> 127.05882 | Q7: =Q$2*'Rates (2)'!Q7 -> 119.7 | R7: =R$2*'Rates (2)'!R7 -> 235.98 | S7: =S$2*'Rates (2)'!S7 -> 366.7
A8: 2036 | B8: =B$22*'Rates (2)'!B8 -> 191.60494 | C8: =C$22*'Rates (2)'!C8 -> 263.33333 | D8: =D$22*'Rates (2)'!D8 -> 322.5 | E8: =E$22*'Rates (2)'!E8 -> 7.3333333 | F8: =F$22*'Rates (2)'!F8 -> 33.578947 | G8: =G$22*'Rates (2)'!G8 -> 53.043478 | H8: =H$22*'Rates (2)'!H8 -> 127.02703 | I8: =I$22*'Rates (2)'!I8 -> 180.74205 | ... P8: =P$22*'Rates (2)'!P8 -> 126.80214 | Q8: =Q$2*'Rates (2)'!Q8 -> 117.04 | R8: =R$2*'Rates (2)'!R8 -> 233.415 | S8: =S$2*'Rates (2)'!S8 -> 364.8
A9: 2037 | B9: =B$22*'Rates (2)'!B9 -> 185.67901 | C9: =C$22*'Rates (2)'!C9 -> 253.33333 | D9: =D$22*'Rates (2)'!D9 -> 318.75 | E9: =E$22*'Rates (2)'!E9 -> 7.1666667 | F9: =F$22*'Rates (2)'!F9 -> 33.144737 | G9: =G$22*'Rates (2)'!G9 -> 52.826087 | H9: =H$22*'Rates (2)'!H9 -> 125.67568 | I9: =I$22*'Rates (2)'!I9 -> 178.85932 | ... P9: =P$22*'Rates (2)'!P9 -> 126.54545 | Q9: =Q$2*'Rates (2)'!Q9 -> 114.38 | R9: =R$2*'Rates (2)'!R9 -> 230.85 | S9: =S$2*'Rates (2)'!S9 -> 362.9
A10: 2038 | B10: =B$22*'Rates (2)'!B10 -> 179.75309 | C10: =C$22*'Rates (2)'!C10 -> 246.66667 | D10: =D$22*'Rates (2)'!D10 -> 315 | E10: =E$22*'Rates (2)'!E10 -> 7 | F10: =F$22*'Rates (2)'!F10 -> 32.710526 | G10: =G$22*'Rates (2)'!G10 -> 52.608696 | H10: =H$22*'Rates (2)'!H10 -> 124.32432 | I10: =I$22*'Rates (2)'!I10 -> 176.97659 | ... P10: =P$22*'Rates (2)'!P10 -> 126.28877 | Q10: =Q$2*'Rates (2)'!Q10 -> 111.72 | R10: =R$2*'Rates (2)'!R10 -> 228.285 | S10: =S$2*'Rates (2)'!S10 -> 361
A11: 2039 | B11: =B$22*'Rates (2)'!B11 -> 175.30864 | C11: =C$22*'Rates (2)'!C11 -> 240 | D11: =D$22*'Rates (2)'!D11 -> 311.25 | E11: =E$22*'Rates (2)'!E11 -> 6.8333333 | F11: =F$22*'Rates (2)'!F11 -> 32.276316 | G11: =G$22*'Rates (2)'!G11 -> 52.391304 | H11: =H$22*'Rates (2)'!H11 -> 122.97297 | I11: =I$22*'Rates (2)'!I11 -> 175.09386 | ... P11: =P$22*'Rates (2)'!P11 -> 126.03209 | Q11: =Q$2*'Rates (2)'!Q11 -> 109.06 | R11: =R$2*'Rates (2)'!R11 -> 225.72 | S11: =S$2*'Rates (2)'!S11 -> 359.1
A12: 2040 | B12: =B$22*'Rates (2)'!B12 -> 170.37037 | C12: =C$22*'Rates (2)'!C12 -> 236.66667 | D12: =D$22*'Rates (2)'!D12 -> 309.375 | E12: =E$22*'Rates (2)'!E12 -> 6.6666667 | F12: =F$22*'Rates (2)'!F12 -> 31.842105 | G12: =G$22*'Rates (2)'!G12 -> 52.173913 | H12: =H$22*'Rates (2)'!H12 -> 121.62162 | I12: =I$22*'Rates (2)'!I12 -> 173.21113 | ... P12: =P$22*'Rates (2)'!P12 -> 125.7754 | Q12: =Q$2*'Rates (2)'!Q12 -> 106.4 | R12: =R$2*'Rates (2)'!R12 -> 224.4375 | S12: =S$2*'Rates (2)'!S12 -> 357.2
A13: 2041 | B13: =B$22*'Rates (2)'!B13 -> 160.49383 | C13: =C$22*'Rates (2)'!C13 -> 231.66667 | D13: =D$22*'Rates (2)'!D13 -> 307.5 | E13: =E$22*'Rates (2)'!E13 -> 6.5 | F13: =F$22*'Rates (2)'!F13 -> 31.407895 | G13: =G$22*'Rates (2)'!G13 -> 51.956522 | H13: =H$22*'Rates (2)'!H13 -> 119.59459 | I13: =I$22*'Rates (2)'!I13 -> 171.3284 | ... P13: =P$22*'Rates (2)'!P13 -> 125.51872 | Q13: =Q$2*'Rates (2)'!Q13 -> 105.07 | R13: =R$2*'Rates (2)'!R13 -> 223.155 | S13: =S$2*'Rates (2)'!S13 -> 355.3
A14: 2042 | B14: =B$22*'Rates (2)'!B14 -> 151.11111 | C14: =C$22*'Rates (2)'!C14 -> 226.66667 | D14: =D$22*'Rates (2)'!D14 -> 305.625 | E14: =E$22*'Rates (2)'!E14 -> 6.3333333 | F14: =F$22*'Rates (2)'!F14 -> 30.973684 | G14: =G$22*'Rates (2)'!G14 -> 51.73913 | H14: =H$22*'Rates (2)'!H14 -> 117.56757 | I14: =I$22*'Rates (2)'!I14 -> 169.44567 | ... P14: =P$22*'Rates (2)'!P14 -> 125.13369 | Q14: =Q$2*'Rates (2)'!Q14 -> 103.74 | R14: =R$2*'Rates (2)'!R14 -> 220.59 | S14: =S$2*'Rates (2)'!S14 -> 353.4
... A21: 2049 | B21: =B$22*'Rates (2)'!B21 -> 103.7037 | C21: =C$22*'Rates (2)'!C21 -> 201.66667 | D21: =D$22*'Rates (2)'!D21 -> 300 | E21: =E$22*'Rates (2)'!E21 -> 5.1666667 | F21: =F$22*'Rates (2)'!F21 -> 27.934211 | G21: =G$22*'Rates (2)'!G21 -> 50.217391 | H21: =H$22*'Rates (2)'!H21 -> 102.7027 | I21: =I$22*'Rates (2)'!I21 -> 152.5011 | ... P21: =P$22*'Rates (2)'!P21 -> 120.64171 | Q21: =Q$2*'Rates (2)'!Q21 -> 94.43 | R21: =R$2*'Rates (2)'!R21 -> 211.6125 | S21: =S$2*'Rates (2)'!S21 -> 346.56
A22: 2050 | B22: 100 | C22: 200 | D22: 300 | E22: 5 | F22: 27.5 | G22: 50 | H22: 100 | I22: 150 | J22: 200 | K22: 50 | L22: 125 | M22: 200 | N22: 30 | O22: 75 | P22: 120 | Q22: =Q$2*'Rates (2)'!Q22 -> 93.1 | R22: =R$2*'Rates (2)'!R22 -> 210.33 | S22: =S$2*'Rates (2)'!S22 -> 345.8
A23: 2051 | B23: =B$22*'Rates (2)'!B23 -> 95.802469 | C23: =C$22*'Rates (2)'!C23 -> 198.33333 | D23: =D$22*'Rates (2)'!D23 -> 300 | E23: =E$22*'Rates (2)'!E23 -> 4.8333333 | F23: =F$22*'Rates (2)'!F23 -> 27.065789 | G23: =G$22*'Rates (2)'!G23 -> 49.782609 | H23: =H$22*'Rates (2)'!H23 -> 97.297297 | I23: =I$22*'Rates (2)'!I23 -> 146.85291 | ... P23: =P$22*'Rates (2)'!P23 -> 119.35829 | Q23: =Q$2*'Rates (2)'!Q23 -> 91.77 | R23: =R$2*'Rates (2)'!R23 -> 209.817 | S23: =S$2*'Rates (2)'!S23 -> 345.04
A24: 2052 | B24: =B$22*'Rates (2)'!B24 -> 90.617284 | C24: =C$22*'Rates (2)'!C24 -> 196.66667 | D24: =D$22*'Rates (2)'!D24 -> 300 | E24: =E$22*'Rates (2)'!E24 -> 4.6666667 | F24: =F$22*'Rates (2)'!F24 -> 26.631579 | G24: =G$22*'Rates (2)'!G24 -> 49.565217 | H24: =H$22*'Rates (2)'!H24 -> 94.594595 | I24: =I$22*'Rates (2)'!I24 -> 143.08746 | ... P24: =P$22*'Rates (2)'!P24 -> 118.71658 | Q24: =Q$2*'Rates (2)'!Q24 -> 90.44 | R24: =R$2*'Rates (2)'!R24 -> 209.304 | S24: =S$2*'Rates (2)'!S24 -> 344.28
A25: 2053 | B25: =B$22*'Rates (2)'!B25 -> 85.679012 | C25: =C$22*'Rates (2)'!C25 -> 195 | D25: =D$22*'Rates (2)'!D25 -> 300 | E25: =E$22*'Rates (2)'!E25 -> 4.5 | F25: =F$22*'Rates (2)'!F25 -> 26.197368 | G25: =G$22*'Rates (2)'!G25 -> 49.347826 | H25: =H$22*'Rates (2)'!H25 -> 91.891892 | I25: =I$22*'Rates (2)'!I25 -> 141.20473 | ... P25: =P$22*'Rates (2)'!P25 -> 118.07487 | Q25: =Q$2*'Rates (2)'!Q25 -> 89.11 | R25: =R$2*'Rates (2)'!R25 -> 208.791 | S25: =S$2*'Rates (2)'!S25 -> 343.52
A26: 2054 | B26: =B$22*'Rates (2)'!B26 -> 81.481481 | C26: =C$22*'Rates (2)'!C26 -> 194 | D26: =D$22*'Rates (2)'!D26 -> 300 | E26: =E$22*'Rates (2)'!E26 -> 4.3333333 | F26: =F$22*'Rates (2)'!F26 -> 25.763158 | G26: =G$22*'Rates (2)'!G26 -> 49.130435 | H26: =H$22*'Rates (2)'!H26 -> 89.189189 | I26: =I$22*'Rates (2)'!I26 -> 139.322 | ... P26: =P$22*'Rates (2)'!P26 -> 117.43316 | Q26: =Q$2*'Rates (2)'!Q26 -> 87.78 | R26: =R$2*'Rates (2)'!R26 -> 208.278 | S26: =S$2*'Rates (2)'!S26 -> 342.76
A27: 2055 | B27: =B$22*'Rates (2)'!B27 -> 79.012346 | C27: =C$22*'Rates (2)'!C27 -> 193.33333 | D27: =D$22*'Rates (2)'!D27 -> 300 | E27: =E$22*'Rates (2)'!E27 -> 4.1666667 | F27: =F$22*'Rates (2)'!F27 -> 25.328947 | G27: =G$22*'Rates (2)'!G27 -> 48.913043 | H27: =H$22*'Rates (2)'!H27 -> 87.837838 | I27: =I$22*'Rates (2)'!I27 -> 137.43927 | ... P27: =P$22*'Rates (2)'!P27 -> 116.79144 | Q27: =Q$2*'Rates (2)'!Q27 -> 86.45 | R27: =R$2*'Rates (2)'!R27 -> 207.765 | S27: =S$2*'Rates (2)'!S27 -> 342
A28: 2056 | B28: =B$22*'Rates (2)'!B28 -> 77.777778 | C28: =C$22*'Rates (2)'!C28 -> 191.66667 | D28: =D$22*'Rates (2)'!D28 -> 300 | E28: =E$22*'Rates (2)'!E28 -> 4.1666667 | F28: =F$22*'Rates (2)'!F28 -> 25.328947 | G28: =G$22*'Rates (2)'!G28 -> 48.913043 | H28: =H$22*'Rates (2)'!H28 -> 87.567568 | I28: =I$22*'Rates (2)'!I28 -> 137.06272 | ... P28: =P$22*'Rates (2)'!P28 -> 116.53476 | Q28: =Q$2*'Rates (2)'!Q28 -> 85.12 | R28: =R$2*'Rates (2)'!R28 -> 207.5085 | S28: =S$2*'Rates (2)'!S28 -> 342
A29: 2057 | B29: =B$22*'Rates (2)'!B29 -> 76.54321 | C29: =C$22*'Rates (2)'!C29 -> 190 | D29: =D$22*'Rates (2)'!D29 -> 300 | E29: =E$22*'Rates (2)'!E29 -> 4.1666667 | F29: =F$22*'Rates (2)'!F29 -> 25.328947 | G29: =G$22*'Rates (2)'!G29 -> 48.913043 | H29: =H$22*'Rates (2)'!H29 -> 87.297297 | I29: =I$22*'Rates (2)'!I29 -> 136.68617 | ... P29: =P$22*'Rates (2)'!P29 -> 116.27807 | Q29: =Q$2*'Rates (2)'!Q29 -> 83.79 | R29: =R$2*'Rates (2)'!R29 -> 207.252 | S29: =S$2*'Rates (2)'!S29 -> 342
A30: 2058 | B30: =B$22*'Rates (2)'!B30 -> 75.308642 | C30: =C$22*'Rates (2)'!C30 -> 188.33333 | D30: =D$22*'Rates (2)'!D30 -> 300 | E30: =E$22*'Rates (2)'!E30 -> 4.1666667 | F30: =F$22*'Rates (2)'!F30 -> 25.328947 | G30: =G$22*'Rates (2)'!G30 -> 48.913043 | H30: =H$22*'Rates (2)'!H30 -> 87.027027 | I30: =I$22*'Rates (2)'!I30 -> 136.30963 | ... P30: =P$22*'Rates (2)'!P30 -> 116.02139 | Q30: =Q$2*'Rates (2)'!Q30 -> 82.46 | R30: =R$2*'Rates (2)'!R30 -> 206.9955 | S30: =S$2*'Rates (2)'!S30 -> 342
A31: 2059 | B31: =B$22*'Rates (2)'!B31 -> 74.567901 | C31: =C$22*'Rates (2)'!C31 -> 187.33333 | D31: =D$22*'Rates (2)'!D31 -> 300 | E31: =E$22*'Rates (2)'!E31 -> 4.1666667 | F31: =F$22*'Rates (2)'!F31 -> 25.328947 | G31: =G$22*'Rates (2)'!G31 -> 48.913043 | H31: =H$22*'Rates (2)'!H31 -> 86.756757 | I31: =I$22*'Rates (2)'!I31 -> 135.93308 | ... P31: =P$22*'Rates (2)'!P31 -> 115.76471 | Q31: =Q$2*'Rates (2)'!Q31 -> 81.13 | R31: =R$2*'Rates (2)'!R31 -> 206.739 | S31: =S$2*'Rates (2)'!S31 -> 342
A32: 2060 | B32: =B$22*'Rates (2)'!B32 -> 74.074074 | C32: =C$22*'Rates (2)'!C32 -> 186.66667 | D32: =D$22*'Rates (2)'!D32 -> 300 | E32: =E$22*'Rates (2)'!E32 -> 4.1666667 | F32: =F$22*'Rates (2)'!F32 -> 25.328947 | G32: =G$22*'Rates (2)'!G32 -> 48.913043 | H32: =H$22*'Rates (2)'!H32 -> 86.486486 | I32: =I$22*'Rates (2)'!I32 -> 135.55654 | ... P32: =P$22*'Rates (2)'!P32 -> 115.50802 | Q32: =Q$2*'Rates (2)'!Q32 -> 79.8 | R32: =R$2*'Rates (2)'!R32 -> 206.4825 | S32: =S$2*'Rates (2)'!S32 -> 342
A33: 2061 | B33: =B$22*'Rates (2)'!B33 -> 73.580247 | C33: =C$22*'Rates (2)'!C33 -> 186 | D33: =D$22*'Rates (2)'!D33 -> 300 | E33: =E$22*'Rates (2)'!E33 -> 4.1666667 | F33: =F$22*'Rates (2)'!F33 -> 25.328947 | G33: =G$22*'Rates (2)'!G33 -> 48.913043 | H33: =H$22*'Rates (2)'!H33 -> 85.810811 | I33: =I$22*'Rates (2)'!I33 -> 135.17999 | ... P33: =P$22*'Rates (2)'!P33 -> 115.50802 | Q33: =Q$2*'Rates (2)'!Q33 -> 78.47 | R33: =R$2*'Rates (2)'!R33 -> 206.226 | S33: =S$2*'Rates (2)'!S33 -> 342
A34: 2062 | B34: =B$22*'Rates (2)'!B34 -> 73.08642 | C34: =C$22*'Rates (2)'!C34 -> 185.33333 | D34: =D$22*'Rates (2)'!D34 -> 300 | E34: =E$22*'Rates (2)'!E34 -> 4.1666667 | F34: =F$22*'Rates (2)'!F34 -> 25.328947 | G34: =G$22*'Rates (2)'!G34 -> 48.913043 | H34: =H$22*'Rates (2)'!H34 -> 85.135135 | I34: =I$22*'Rates (2)'!I34 -> 134.80345 | ... P34: =P$22*'Rates (2)'!P34 -> 115.50802 | Q34: =Q$2*'Rates (2)'!Q34 -> 77.14 | R34: =R$2*'Rates (2)'!R34 -> 206.09775 | S34: =S$2*'Rates (2)'!S34 -> 342
... A72: 2100 | B72: =B$22*'Rates (2)'!B72 -> 66.666667 | C72: =C$22*'Rates (2)'!C72 -> 180 | D72: =D$22*'Rates (2)'!D72 -> 300 | E72: =E$22*'Rates (2)'!E72 -> 4.1666667 | F72: =F$22*'Rates (2)'!F72 -> 25.328947 | G72: =G$22*'Rates (2)'!G72 -> 48.913043 | H72: =H$22*'Rates (2)'!H72 -> 79.72973 | I72: =I$22*'Rates (2)'!I72 -> 131.79108 | ... P72: =P$22*'Rates (2)'!P72 -> 115.50802 | Q72: =Q$2*'Rates (2)'!Q72 -> 66.5 | R72: =R$2*'Rates (2)'!R72 -> 204.9435 | S72: =S$2*'Rates (2)'!S72 -> 342

Sheet Limit
A1: Year | B1: DACCS_Low | C1: DACCS_Medium | D1: DACCS_High | E1: AR_Low | F1: AR_Medium | G1: AR_High | H1: BECCS_Low | I1: BECCS_Medium | J1: BECCS_High | K1: EW_Low | L1: EW_Medium | M1: EW_High | N1: BC_Low | O1: BC_Medium | P1: BC_High | Q1: OAE_Low | R1: OAE_Medium | S1: OAE_High
A2: 2030 | B2: 2800000 | C2: 10800000 | D2: 30800000 | E2: 0 | F2: 6800000 | G2: 10800000 | H2: 2800000 | I2: 10800000 | J2: 20800000 | K2: 3800000 | L2: 4800000 | M2: 8800000 | N2: 1000000 | O2: 5000000 | P2: 10000000 | Q2: 1000000 | R2: 5000000 | S2: 10000000
A3: 2031 | B3: 50000000 | C3: 150000000 | D3: 400000000 | E3: 0 | F3: 50000000 | G3: 100000000 | H3: 50000000 | I3: 100000000 | J3: 300000000 | K3: 20000000 | L3: 50000000 | M3: 150000000 | N3: 37710000 | O3: 56810000 | P3: 75920000 | Q3: 38500000 | R3: 74000000 | S3: 108400000
A4: 2032 | B4: 50000000 | C4: 150000000 | D4: 400000000 | E4: 0 | F4: 50000000 | G4: 100000000 | H4: 50000000 | I4: 100000000 | J4: 300000000 | K4: 20000000 | L4: 50000000 | M4: 150000000 | N4: 37710000 | O4: 56810000 | P4: 75920000 | Q4: 38500000 | R4: 74000000 | S4: 108400000
A5: 2033 | B5: 50000000 | C5: 150000000 | D5: 400000000 | E5: 0 | F5: 50000000 | G5: 100000000 | H5: 50000000 | I5: 100000000 | J5: 300000000 | K5: 20000000 | L5: 50000000 | M5: 150000000 | N5: 37710000 | O5: 56810000 | P5: 75920000 | Q5: 38500000 | R5: 74000000 | S5: 108400000
A6: 2034 | B6: 50000000 | C6: 150000000 | D6: 400000000 | E6: 0 | F6: 50000000 | G6: 100000000 | H6: 50000000 | I6: 100000000 | J6: 300000000 | K6: 20000000 | L6: 50000000 | M6: 150000000 | N6: 37710000 | O6: 56810000 | P6: 75920000 | Q6: 38500000 | R6: 74000000 | S6: 108400000
A7: 2035 | B7: 50000000 | C7: 150000000 | D7: 400000000 | E7: 0 | F7: 50000000 | G7: 100000000 | H7: 50000000 | I7: 100000000 | J7: 300000000 | K7: 20000000 | L7: 50000000 | M7: 150000000 | N7: 37710000 | O7: 56810000 | P7: 75920000 | Q7: 38500000 | R7: 74000000 | S7: 108400000
A8: 2036 | B8: 50000000 | C8: 150000000 | D8: 400000000 | E8: 0 | F8: 50000000 | G8: 100000000 | H8: 50000000 | I8: 100000000 | J8: 300000000 | K8: 20000000 | L8: 50000000 | M8: 150000000 | N8: 37710000 | O8: 56810000 | P8: 75920000 | Q8: 38500000 | R8: 74000000 | S8: 108400000
A9: 2037 | B9: 50000000 | C9: 150000000 | D9: 400000000 | E9: 0 | F9: 50000000 | G9: 100000000 | H9: 50000000 | I9: 100000000 | J9: 300000000 | K9: 20000000 | L9: 50000000 | M9: 150000000 | N9: 37710000 | O9: 56810000 | P9: 75920000 | Q9: 38500000 | R9: 74000000 | S9: 108400000
A10: 2038 | B10: 50000000 | C10: 150000000 | D10: 400000000 | E10: 0 | F10: 50000000 | G10: 100000000 | H10: 50000000 | I10: 100000000 | J10: 300000000 | K10: 20000000 | L10: 50000000 | M10: 150000000 | N10: 37710000 | O10: 56810000 | P10: 75920000 | Q10: 38500000 | R10: 74000000 | S10: 108400000
A11: 2039 | B11: 50000000 | C11: 150000000 | D11: 400000000 | E11: 0 | F11: 50000000 | G11: 100000000 | H11: 50000000 | I11: 100000000 | J11: 300000000 | K11: 20000000 | L11: 50000000 | M11: 150000000 | N11: 37710000 | O11: 56810000 | P11: 75920000 | Q11: 38500000 | R11: 74000000 | S11: 108400000
A12: 2040 | B12: 50000000 | C12: 150000000 | D12: 400000000 | E12: 0 | F12: 50000000 | G12: 100000000 | H12: 50000000 | I12: 100000000 | J12: 300000000 | K12: 20000000 | L12: 50000000 | M12: 150000000 | N12: 37710000 | O12: 56810000 | P12: 75920000 | Q12: 38500000 | R12: 74000000 | S12: 108400000
A13: 2041 | B13: 50000000 | C13: 150000000 | D13: 400000000 | E13: 0 | F13: 50000000 | G13: 100000000 | H13: 50000000 | I13: 100000000 | J13: 300000000 | K13: 20000000 | L13: 50000000 | M13: 150000000 | N13: 37710000 | O13: 56810000 | P13: 75920000 | Q13: 38500000 | R13: 74000000 | S13: 108400000
... A72: 2100 | B72: 50000000 | C72: 150000000 | D72: 400000000 | E72: 0 | F72: 50000000 | G72: 100000000 | H72: 50000000 | I72: 100000000 | J72: 300000000 | K72: 20000000 | L72: 50000000 | M72: 150000000 | N72: 37710000 | O72: 56810000 | P72: 75920000 | Q72: 38500000 | R72: 74000000 | S72: 108400000

Sheet Subsidy
A1: Year | B1: DACCS_Low | C1: DACCS_Medium | D1: DACCS_High | E1: AR_Low | F1: AR_Medium | G1: AR_High | H1: BECCS_Low | I1: BECCS_Medium | J1: BECCS_High | K1: EW_Low | L1: EW_Medium | M1: EW_High | N1: BC_Low | O1: BC_Medium | P1: BC_High | Q1: OAE_Low | R1: OAE_Medium | S1: OAE_High
A2: 2030 | B2: 0 | C2: 0 | D2: 0 | E2: 0 | F2: 0 | G2: 0 | H2: 0 | I2: 0 | J2: 0 | K2: 0 | L2: 0 | M2: 0 | N2: 0 | O2: 0 | P2: 0 | Q2: 0 | R2: 0 | S2: 0
A3: 2031 | B3: 0 | C3: 0 | D3: 0 | E3: 0 | F3: 0 | G3: 0 | H3: 0 | I3: 0 | J3: 0 | K3: 0 | L3: 0 | M3: 0 | N3: 0 | O3: 0 | P3: 0 | Q3: 0 | R3: 0 | S3: 0
A4: 2032 | B4: 0 | C4: 0 | D4: 0 | E4: 0 | F4: 0 | G4: 0 | H4: 0 | I4: 0 | J4: 0 | K4: 0 | L4: 0 | M4: 0 | N4: 0 | O4: 0 | P4: 0 | Q4: 0 | R4: 0 | S4: 0
A5: 2033 | B5: 0 | C5: 0 | D5: 0 | E5: 0 | F5: 0 | G5: 0 | H5: 0 | I5: 0 | J5: 0 | K5: 0 | L5: 0 | M5: 0 | N5: 0 | O5: 0 | P5: 0 | Q5: 0 | R5: 0 | S5: 0
A6: 2034 | B6: 0 | C6: 0 | D6: 0 | E6: 0 | F6: 0 | G6: 0 | H6: 0 | I6: 0 | J6: 0 | K6: 0 | L6: 0 | M6: 0 | N6: 0 | O6: 0 | P6: 0 | Q6: 0 | R6: 0 | S6: 0
A7: 2035 | B7: 0 | C7: 0 | D7: 0 | E7: 0 | F7: 0 | G7: 0 | H7: 0 | I7: 0 | J7: 0 | K7: 0 | L7: 0 | M7: 0 | N7: 0 | O7: 0 | P7: 0 | Q7: 0 | R7: 0 | S7: 0
A8: 2036 | B8: 0 | C8: 0 | D8: 0 | E8: 0 | F8: 0 | G8: 0 | H8: 0 | I8: 0 | J8: 0 | K8: 0 | L8: 0 | M8: 0 | N8: 0 | O8: 0 | P8: 0 | Q8: 0 | R8: 0 | S8: 0
A9: 2037 | B9: 0 | C9: 0 | D9: 0 | E9: 0 | F9: 0 | G9: 0 | H9: 0 | I9: 0 | J9: 0 | K9: 0 | L9: 0 | M9: 0 | N9: 0 | O9: 0 | P9: 0 | Q9: 0 | R9: 0 | S9: 0
A10: 2038 | B10: 0 | C10: 0 | D10: 0 | E10: 0 | F10: 0 | G10: 0 | H10: 0 | I10: 0 | J10: 0 | K10: 0 | L10: 0 | M10: 0 | N10: 0 | O10: 0 | P10: 0 | Q10: 0 | R10: 0 | S10: 0
A11: 2039 | B11: 0 | C11: 0 | D11: 0 | E11: 0 | F11: 0 | G11: 0 | H11: 0 | I11: 0 | J11: 0 | K11: 0 | L11: 0 | M11: 0 | N11: 0 | O11: 0 | P11: 0 | Q11: 0 | R11: 0 | S11: 0
A12: 2040 | B12: 0 | C12: 0 | D12: 0 | E12: 0 | F12: 0 | G12: 0 | H12: 0 | I12: 0 | J12: 0 | K12: 0 | L12: 0 | M12: 0 | N12: 0 | O12: 0 | P12: 0 | Q12: 0 | R12: 0 | S12: 0
A13: 2041 | B13: 0 | C13: 0 | D13: 0 | E13: 0 | F13: 0 | G13: 0 | H13: 0 | I13: 0 | J13: 0 | K13: 0 | L13: 0 | M13: 0 | N13: 0 | O13: 0 | P13: 0 | Q13: 0 | R13: 0 | S13: 0
... A72: 2100 | B72: 0 | C72: 0 | D72: 0 | E72: 0 | F72: 0 | G72: 0 | H72: 0 | I72: 0 | J72: 0 | K72: 0 | L72: 0 | M72: 0 | N72: 0 | O72: 0 | P72: 0 | Q72: 0 | R72: 0 | S72: 0

Sheet Rates
A1: Year | B1: DACCS_Low | C1: DACCS_Medium | D1: DACCS_High | E1: AR_Low | F1: AR_Medium | G1: AR_High | H1: BECCS_Low | I1: BECCS_Medium | J1: BECCS_High | K1: EW_Low | L1: EW_Medium | M1: EW_High | N1: BC_Low | O1: BC_Medium | P1: BC_High | Q1: OAE_Low | R1: OAE_Medium | S1: OAE_High
A2: 2030 | B2: 1 | C2: 1 | D2: 1 | E2: 1 | F2: 1 | G2: 1 | H2: 1 | I2: 1 | J2: 1 | K2: 1 | L2: 1 | M2: 1 | N2: 1 | O2: 1 | P2: 1 | Q2: 1 | R2: 1 | S2: 1
A3: 2031 | B3: 0.96 | C3: 0.95 | D3: 0.95 | E3: 0.98 | F3: =F2-0.012 -> 0.988 | G3: =G2-0.004 -> 0.996 | H3: 0.99 | I3: 0.99 | J3: 0.998 | K3: 0.99 | L3: 0.999 | M3: 0.995 | N3: 0.98 | O3: 0.99 | P3: 0.998 | Q3: 0.98 | R3: 0.98 | S3: 0.99
A4: 2032 | B4: 0.914 | C4: 0.92 | D4: 0.92 | E4: 0.96 | F4: =F3-0.012 -> 0.976 | G4: =G3-0.004 -> 0.992 | H4: 0.98 | I4: 0.99 | J4: 0.996 | K4: 0.98 | L4: 0.998 | M4: 0.99 | N4: 0.96 | O4: 0.98 | P4: 0.996 | Q4: 0.96 | R4: 0.96 | S4: 0.98
A5: 2033 | B5: 0.873 | C5: 0.88 | D5: 0.9 | E5: 0.94 | F5: =F4-0.012 -> 0.964 | G5: =G4-0.004 -> 0.988 | H5: 0.97 | I5: 0.98 | J5: 0.99 | K5: 0.97 | L5: 0.997 | M5: 0.985 | N5: 0.94 | O5: 0.975 | P5: 0.994 | Q5: 0.94 | R5: 0.94 | S5: 0.975
A6: 2034 | B6: 0.835 | C6: 0.85 | D6: 0.88 | E6: 0.92 | F6: =F5-0.012 -> 0.952 | G6: =G5-0.004 -> 0.984 | H6: 0.96 | I6: 0.98 | J6: 0.985 | K6: 0.96 | L6: 0.996 | M6: 0.98 | N6: 0.92 | O6: 0.97 | P6: 0.992 | Q6: 0.92 | R6: 0.93 | S6: 0.97
A7: 2035 | B7: 0.8 | C7: 0.82 | D7: 0.87 | E7: 0.9 | F7: =F6-0.012 -> 0.94 | G7: =G6-0.004 -> 0.98 | H7: 0.95 | I7: 0.97 | J7: 0.98 | K7: 0.95 | L7: 0.995 | M7: 0.975 | N7: 0.9 | O7: 0.968 | P7: 0.99 | Q7: 0.9 | R7: 0.92 | S7: 0.965
A8: 2036 | B8: 0.776 | C8: 0.79 | D8: 0.86 | E8: 0.88 | F8: =F7-0.012 -> 0.928 | G8: =G7-0.004 -> 0.976 | H8: 0.94 | I8: 0.96 | J8: 0.97 | K8: 0.94 | L8: 0.994 | M8: 0.97 | N8: 0.88 | O8: 0.965 | P8: 0.988 | Q8: 0.88 | R8: 0.91 | S8: 0.96
A9: 2037 | B9: 0.752 | C9: 0.76 | D9: 0.85 | E9: 0.86 | F9: =F8-0.012 -> 0.916 | G9: =G8-0.004 -> 0.972 | H9: 0.93 | I9: 0.95 | J9: 0.96 | K9: 0.93 | L9: 0.993 | M9: 0.965 | N9: 0.86 | O9: 0.96 | P9: 0.986 | Q9: 0.86 | R9: 0.9 | S9: 0.955
A10: 2038 | B10: 0.728 | C10: 0.74 | D10: 0.84 | E10: 0.84 | F10: =F9-0.012 -> 0.904 | G10: =G9-0.004 -> 0.968 | H10: 0.92 | I10: 0.94 | J10: 0.95 | K10: 0.92 | L10: 0.992 | M10: 0.96 | N10: 0.84 | O10: 0.95 | P10: 0.984 | Q10: 0.84 | R10: 0.89 | S10: 0.95
A11: 2039 | B11: 0.71 | C11: 0.72 | D11: 0.83 | E11: 0.82 | F11: =F10-0.012 -> 0.892 | G11: =G10-0.004 -> 0.964 | H11: 0.91 | I11: 0.93 | J11: 0.94 | K11: 0.91 | L11: 0.991 | M11: 0.955 | N11: 0.82 | O11: 0.94 | P11: 0.982 | Q11: 0.82 | R11: 0.88 | S11: 0.945
A12: 2040 | B12: 0.69 | C12: 0.71 | D12: 0.825 | E12: 0.8 | F12: =F11-0.012 -> 0.88 | G12: =G11-0.004 -> 0.96 | H12: 0.9 | I12: 0.92 | J12: 0.93 | K12: 0.9 | L12: 0.99 | M12: 0.95 | N12: 0.8 | O12: 0.93 | P12: 0.98 | Q12: 0.8 | R12: 0.875 | S12: 0.94
A13: 2041 | B13: 0.65 | C13: 0.695 | D13: 0.82 | E13: 0.78 | F13: =F12-0.012 -> 0.868 | G13: =G12-0.004 -> 0.956 | H13: 0.885 | I13: 0.91 | J13: 0.925 | K13: 0.89 | L13: 0.98818351 | M13: 0.948 | N13: 0.78 | O13: 0.92 | P13: 0.978 | Q13: 0.79 | R13: 0.87 | S13: 0.935
A14: 2042 | B14: 0.612 | C14: 0.68 | D14: 0.815 | E14: 0.76 | F14: =F13-0.012 -> 0.856 | G14: =G13-0.004 -> 0.952 | H14: 0.87 | I14: 0.9 | J14: 0.92 | K14: 0.88 | L14: 0.986 | M14: 0.946 | N14: 0.76 | O14: 0.91 | P14: 0.975 | Q14: 0.78 | R14: 0.86 | S14: 0.93
... A26: 2054 | B26: 0.33 | C26: 0.582 | D26: 0.8 | E26: 0.52 | F26: =F25-0.012 -> 0.712 | G26: =G25-0.004 -> 0.904 | H26: 0.66 | I26: 0.74 | J26: 0.81 | K26: 0.8 | L26: 0.91 | M26: 0.935 | N26: 0.61 | O26: 0.8 | P26: 0.915 | Q26: 0.66 | R26: 0.812 | S26: 0.902
A27: 2055 | B27: 0.32 | C27: 0.58 | D27: 0.8 | E27: 0.5 | F27: 0.7 | G27: 0.9 | H27: 0.65 | I27: 0.73 | J27: 0.8 | K27: 0.8 | L27: 0.9 | M27: 0.933 | N27: 0.6 | O27: 0.79 | P27: 0.91 | Q27: 0.65 | R27: 0.81 | S27: 0.9
A28: 2056 | B28: 0.315 | C28: 0.575 | D28: 0.8 | E28: 0.5 | F28: 0.7 | G28: 0.9 | H28: 0.648 | I28: 0.728 | J28: 0.8 | K28: 0.8 | L28: 0.9 | M28: 0.933 | N28: 0.59 | O28: 0.78 | P28: 0.908 | Q28: 0.64 | R28: 0.809 | S28: 0.9
A29: 2057 | B29: 0.31 | C29: 0.57 | D29: 0.8 | E29: 0.5 | F29: 0.7 | G29: 0.9 | H29: 0.646 | I29: 0.726 | J29: 0.8 | K29: 0.8 | L29: 0.9 | M29: 0.933 | N29: 0.58 | O29: 0.775 | P29: 0.906 | Q29: 0.63 | R29: 0.808 | S29: 0.9
A30: 2058 | B30: 0.305 | C30: 0.565 | D30: 0.8 | E30: 0.5 | F30: 0.7 | G30: 0.9 | H30: 0.644 | I30: 0.724 | J30: 0.8 | K30: 0.8 | L30: 0.9 | M30: 0.933 | N30: 0.57 | O30: 0.77 | P30: 0.904 | Q30: 0.62 | R30: 0.807 | S30: 0.9
A31: 2059 | B31: 0.302 | C31: 0.562 | D31: 0.8 | E31: 0.5 | F31: 0.7 | G31: 0.9 | H31: 0.642 | I31: 0.722 | J31: 0.8 | K31: 0.8 | L31: 0.9 | M31: 0.933 | N31: 0.56 | O31: 0.765 | P31: 0.902 | Q31: 0.61 | R31: 0.806 | S31: 0.9
A32: 2060 | B32: 0.3 | C32: 0.56 | D32: 0.8 | E32: 0.5 | F32: 0.7 | G32: 0.9 | H32: 0.64 | I32: 0.72 | J32: 0.8 | K32: 0.8 | L32: 0.9 | M32: 0.932 | N32: 0.55 | O32: 0.76 | P32: 0.9 | Q32: 0.6 | R32: 0.805 | S32: 0.9
A33: 2061 | B33: 0.298 | C33: 0.558 | D33: 0.8 | E33: 0.5 | F33: 0.7 | G33: 0.9 | H33: 0.635 | I33: 0.718 | J33: 0.8 | K33: 0.8 | L33: 0.9 | M33: 0.932 | N33: 0.54 | O33: 0.758 | P33: 0.9 | Q33: 0.59 | R33: 0.804 | S33: 0.9
A34: 2062 | B34: 0.296 | C34: 0.556 | D34: 0.8 | E34: 0.5 | F34: 0.7 | G34: 0.9 | H34: 0.63 | I34: 0.716 | J34: 0.8 | K34: 0.8 | L34: 0.9 | M34: 0.932 | N34: 0.53 | O34: 0.756 | P34: 0.9 | Q34: 0.58 | R34: 0.8035 | S34: 0.9
A35: 2063 | B35: 0.294 | C35: 0.554 | D35: 0.8 | E35: 0.5 | F35: 0.7 | G35: 0.9 | H35: 0.625 | I35: 0.714 | J35: 0.8 | K35: 0.8 | L35: 0.9 | M35: 0.932 | N35: 0.52 | O35: 0.754 | P35: 0.9 | Q35: 0.57 | R35: 0.803 | S35: 0.9
A36: 2064 | B36: 0.292 | C36: 0.552 | D36: 0.8 | E36: 0.5 | F36: 0.7 | G36: 0.9 | H36: 0.622 | I36: 0.712 | J36: 0.8 | K36: 0.8 | L36: 0.9 | M36: 0.932 | N36: 0.51 | O36: 0.752 | P36: 0.9 | Q36: 0.56 | R36: 0.8025 | S36: 0.9
A37: 2065 | B37: 0.29 | C37: 0.55 | D37: 0.8 | E37: 0.5 | F37: 0.7 | G37: 0.9 | H37: 0.62 | I37: 0.71 | J37: 0.8 | K37: 0.8 | L37: 0.9 | M37: 0.931 | N37: 0.5 | O37: 0.75 | P37: 0.9 | Q37: 0.55 | R37: 0.802 | S37: 0.9
A38: 2066 | B38: 0.288 | C38: 0.55 | D38: 0.8 | E38: 0.5 | F38: 0.7 | G38: 0.9 | H38: 0.618 | I38: 0.71 | J38: 0.8 | K38: 0.8 | L38: 0.898 | M38: 0.931 | N38: 0.5 | O38: 0.75 | P38: 0.9 | Q38: 0.54 | R38: 0.8018 | S38: 0.9
... A72: 2100 | B72: 0.27 | C72: 0.54 | D72: 0.8 | E72: 0.5 | F72: 0.7 | G72: 0.9 | H72: 0.59 | I72: 0.7 | J72: 0.8 | K72: 0.8 | L72: 0.89 | M72: 0.93 | N72: 0.5 | O72: 0.73 | P72: 0.9 | Q72: 0.5 | R72: 0.799 | S72: 0.9

Sheet Rates (2)
A1: Year | B1: DACCS_Low | C1: DACCS_Medium | D1: DACCS_High | E1: AR_Low | F1: AR_Medium | G1: AR_High | H1: BECCS_Low | I1: BECCS_Medium | J1: BECCS_High | K1: EW_Low | L1: EW_Medium | M1: EW_High | N1: BC_Low | O1: BC_Medium | P1: BC_High | Q1: OAE_Low | R1: OAE_Medium | S1: OAE_High
A2: 2030 | B2: =Rates!B2/Rates!B$22 -> 2.4691358 | C2: =Rates!C2/Rates!C$22 -> 1.6666667 | D2: =Rates!D2/Rates!D$22 -> 1.25 | E2: =Rates!E2/Rates!E$22 -> 1.6666667 | F2: =Rates!F2/Rates!F$22 -> 1.3157895 | G2: =Rates!G2/Rates!G$22 -> 1.0869565 | H2: =Rates!H2/Rates!H$22 -> 1.3513514 | I2: =Rates!I2/Rates!I$22 -> 1.2551531 | ... P2: =Rates!P2/Rates!P$22 -> 1.0695187 | Q2: =Rates!Q2 -> 1 | R2: =Rates!R2 -> 1 | S2: =Rates!S2 -> 1
A3: 2031 | B3: =Rates!B3/Rates!B$22 -> 2.3703704 | C3: =Rates!C3/Rates!C$22 -> 1.5833333 | D3: =Rates!D3/Rates!D$22 -> 1.1875 | E3: =Rates!E3/Rates!E$22 -> 1.6333333 | F3: =Rates!F3/Rates!F$22 -> 1.3 | G3: =Rates!G3/Rates!G$22 -> 1.0826087 | H3: =Rates!H3/Rates!H$22 -> 1.3378378 | I3: =Rates!I3/Rates!I$22 -> 1.2426016 | ... P3: =Rates!P3/Rates!P$22 -> 1.0673797 | Q3: =Rates!Q3 -> 0.98 | R3: =Rates!R3 -> 0.98 | S3: =Rates!S3 -> 0.99
A4: 2032 | B4: =Rates!B4/Rates!B$22 -> 2.2567901 | C4: =Rates!C4/Rates!C$22 -> 1.5333333 | D4: =Rates!D4/Rates!D$22 -> 1.15 | E4: =Rates!E4/Rates!E$22 -> 1.6 | F4: =Rates!F4/Rates!F$22 -> 1.2842105 | G4: =Rates!G4/Rates!G$22 -> 1.0782609 | H4: =Rates!H4/Rates!H$22 -> 1.3243243 | I4: =Rates!I4/Rates!I$22 -> 1.2426016 | ... P4: =Rates!P4/Rates!P$22 -> 1.0652406 | Q4: =Rates!Q4 -> 0.96 | R4: =Rates!R4 -> 0.96 | S4: =Rates!S4 -> 0.98
A5: 2033 | B5: =Rates!B5/Rates!B$22 -> 2.1555556 | C5: =Rates!C5/Rates!C$22 -> 1.4666667 | D5: =Rates!D5/Rates!D$22 -> 1.125 | E5: =Rates!E5/Rates!E$22 -> 1.5666667 | F5: =Rates!F5/Rates!F$22 -> 1.2684211 | G5: =Rates!G5/Rates!G$22 -> 1.073913 | H5: =Rates!H5/Rates!H$22 -> 1.3108108 | I5: =Rates!I5/Rates!I$22 -> 1.2300501 | ... P5: =Rates!P5/Rates!P$22 -> 1.0631016 | Q5: =Rates!Q5 -> 0.94 | R5: =Rates!R5 -> 0.94 | S5: =Rates!S5 -> 0.975
A6: 2034 | B6: =Rates!B6/Rates!B$22 -> 2.0617284 | C6: =Rates!C6/Rates!C$22 -> 1.4166667 | D6: =Rates!D6/Rates!D$22 -> 1.1 | E6: =Rates!E6/Rates!E$22 -> 1.5333333 | F6: =Rates!F6/Rates!F$22 -> 1.2526316 | G6: =Rates!G6/Rates!G$22 -> 1.0695652 | H6: =Rates!H6/Rates!H$22 -> 1.2972973 | I6: =Rates!I6/Rates!I$22 -> 1.2300501 | ... P6: =Rates!P6/Rates!P$22 -> 1.0609626 | Q6: =Rates!Q6 -> 0.92 | R6: =Rates!R6 -> 0.93 | S6: =Rates!S6 -> 0.97
A7: 2035 | B7: =Rates!B7/Rates!B$22 -> 1.9753086 | C7: =Rates!C7/Rates!C$22 -> 1.3666667 | D7: =Rates!D7/Rates!D$22 -> 1.0875 | E7: =Rates!E7/Rates!E$22 -> 1.5 | F7: =Rates!F7/Rates!F$22 -> 1.2368421 | G7: =Rates!G7/Rates!G$22 -> 1.0652174 | H7: =Rates!H7/Rates!H$22 -> 1.2837838 | I7: =Rates!I7/Rates!I$22 -> 1.2174985 | ... P7: =Rates!P7/Rates!P$22 -> 1.0588235 | Q7: =Rates!Q7 -> 0.9 | R7: =Rates!R7 -> 0.92 | S7: =Rates!S7 -> 0.965
A8: 2036 | B8: =Rates!B8/Rates!B$22 -> 1.9160494 | C8: =Rates!C8/Rates!C$22 -> 1.3166667 | D8: =Rates!D8/Rates!D$22 -> 1.075 | E8: =Rates!E8/Rates!E$22 -> 1.4666667 | F8: =Rates!F8/Rates!F$22 -> 1.2210526 | G8: =Rates!G8/Rates!G$22 -> 1.0608696 | H8: =Rates!H8/Rates!H$22 -> 1.2702703 | I8: =Rates!I8/Rates!I$22 -> 1.204947 | ... P8: =Rates!P8/Rates!P$22 -> 1.0566845 | Q8: =Rates!Q8 -> 0.88 | R8: =Rates!R8 -> 0.91 | S8: =Rates!S8 -> 0.96
A9: 2037 | B9: =Rates!B9/Rates!B$22 -> 1.8567901 | C9: =Rates!C9/Rates!C$22 -> 1.2666667 | D9: =Rates!D9/Rates!D$22 -> 1.0625 | E9: =Rates!E9/Rates!E$22 -> 1.4333333 | F9: =Rates!F9/Rates!F$22 -> 1.2052632 | G9: =Rates!G9/Rates!G$22 -> 1.0565217 | H9: =Rates!H9/Rates!H$22 -> 1.2567568 | I9: =Rates!I9/Rates!I$22 -> 1.1923955 | ... P9: =Rates!P9/Rates!P$22 -> 1.0545455 | Q9: =Rates!Q9 -> 0.86 | R9: =Rates!R9 -> 0.9 | S9: =Rates!S9 -> 0.955
A10: 2038 | B10: =Rates!B10/Rates!B$22 -> 1.7975309 | C10: =Rates!C10/Rates!C$22 -> 1.2333333 | D10: =Rates!D10/Rates!D$22 -> 1.05 | E10: =Rates!E10/Rates!E$22 -> 1.4 | F10: =Rates!F10/Rates!F$22 -> 1.1894737 | G10: =Rates!G10/Rates!G$22 -> 1.0521739 | H10: =Rates!H10/Rates!H$22 -> 1.2432432 | I10: =Rates!I10/Rates!I$22 -> 1.1798439 | ... P10: =Rates!P10/Rates!P$22 -> 1.0524064 | Q10: =Rates!Q10 -> 0.84 | R10: =Rates!R10 -> 0.89 | S10: =Rates!S10 -> 0.95
A11: 2039 | B11: =Rates!B11/Rates!B$22 -> 1.7530864 | C11: =Rates!C11/Rates!C$22 -> 1.2 | D11: =Rates!D11/Rates!D$22 -> 1.0375 | E11: =Rates!E11/Rates!E$22 -> 1.3666667 | F11: =Rates!F11/Rates!F$22 -> 1.1736842 | G11: =Rates!G11/Rates!G$22 -> 1.0478261 | H11: =Rates!H11/Rates!H$22 -> 1.2297297 | I11: =Rates!I11/Rates!I$22 -> 1.1672924 | ... P11: =Rates!P11/Rates!P$22 -> 1.0502674 | Q11: =Rates!Q11 -> 0.82 | R11: =Rates!R11 -> 0.88 | S11: =Rates!S11 -> 0.945
A12: 2040 | B12: =Rates!B12/Rates!B$22 -> 1.7037037 | C12: =Rates!C12/Rates!C$22 -> 1.1833333 | D12: =Rates!D12/Rates!D$22 -> 1.03125 | E12: =Rates!E12/Rates!E$22 -> 1.3333333 | F12: =Rates!F12/Rates!F$22 -> 1.1578947 | G12: =Rates!G12/Rates!G$22 -> 1.0434783 | H12: =Rates!H12/Rates!H$22 -> 1.2162162 | I12: =Rates!I12/Rates!I$22 -> 1.1547409 | ... P12: =Rates!P12/Rates!P$22 -> 1.0481283 | Q12: =Rates!Q12 -> 0.8 | R12: =Rates!R12 -> 0.875 | S12: =Rates!S12 -> 0.94
A13: 2041 | B13: =Rates!B13/Rates!B$22 -> 1.6049383 | C13: =Rates!C13/Rates!C$22 -> 1.1583333 | D13: =Rates!D13/Rates!D$22 -> 1.025 | E13: =Rates!E13/Rates!E$22 -> 1.3 | F13: =Rates!F13/Rates!F$22 -> 1.1421053 | G13: =Rates!G13/Rates!G$22 -> 1.0391304 | H13: =Rates!H13/Rates!H$22 -> 1.1959459 | I13: =Rates!I13/Rates!I$22 -> 1.1421893 | ... P13: =Rates!P13/Rates!P$22 -> 1.0459893 | Q13: =Rates!Q13 -> 0.79 | R13: =Rates!R13 -> 0.87 | S13: =Rates!S13 -> 0.935
... A72: 2100 | B72: =Rates!B72/Rates!B$22 -> 0.66666667 | C72: =Rates!C72/Rates!C$22 -> 0.9 | D72: =Rates!D72/Rates!D$22 -> 1 | E72: =Rates!E72/Rates!E$22 -> 0.83333333 | F72: =Rates!F72/Rates!F$22 -> 0.92105263 | G72: =Rates!G72/Rates!G$22 -> 0.97826087 | H72: =Rates!H72/Rates!H$22 -> 0.7972973 | I72: =Rates!I72/Rates!I$22 -> 0.87860718 | ... P72: =Rates!P72/Rates!P$22 -> 0.96256684 | Q72: =Rates!Q72 -> 0.5 | R72: =Rates!R72 -> 0.799 | S72: =Rates!S72 -> 0.9
